{
  "bull": {
    "timeframe_5": {
      "momentum": 0.4,
      "quality": 0.15,
      "volatility": 0.1,
      "value": 0.15,
      "size": 0.1,
      "technical": 0.1
    },
    "timeframe_10": {
      "momentum": 0.4,
      "quality": 0.15,
      "volatility": 0.1,
      "value": 0.15,
      "size": 0.1,
      "technical": 0.1
    },
    "timeframe_15": {
      "momentum": 0.5,
      "quality": 0.15,
      "volatility": -0.04999999999999999,
      "value": 0.2,
      "size": 0.1,
      "technical": 0.1
    },
    "timeframe_20": {
      "momentum": 0.5,
      "quality": 0.15,
      "volatility": -0.04999999999999999,
      "value": 0.2,
      "size": 0.1,
      "technical": 0.1
    }
  },
  "bear": {
    "timeframe_5": {
      "momentum": 0.1,
      "quality": 0.4,
      "volatility": 0.30000000000000004,
      "value": 0.15,
      "size": 0.1,
      "technical": -0.05
    },
    "timeframe_10": {
      "momentum": 0.1,
      "quality": 0.4,
      "volatility": 0.30000000000000004,
      "value": 0.15,
      "size": 0.1,
      "technical": -0.05
    },
    "timeframe_15": {
      "momentum": 0.19999999999999996,
      "quality": 0.3999999999999999,
      "volatility": 0.15000000000000002,
      "value": 0.19999999999999996,
      "size": 0.09999999999999998,
      "technical": -0.04999999999999999
    },
    "timeframe_20": {
      "momentum": 0.19999999999999996,
      "quality": 0.3999999999999999,
      "volatility": 0.15000000000000002,
      "value": 0.19999999999999996,
      "size": 0.09999999999999998,
      "technical": -0.04999999999999999
    }
  },
  "sideways": {
    "timeframe_5": {
      "momentum": 0.1,
      "quality": 0.25,
      "volatility": 0.2,
      "value": 0.3,
      "size": 0.1,
      "technical": 0.05
    },
    "timeframe_10": {
      "momentum": 0.1,
      "quality": 0.25,
      "volatility": 0.2,
      "value": 0.3,
      "size": 0.1,
      "technical": 0.05
    },
    "timeframe_15": {
      "momentum": 0.2,
      "quality": 0.25,
      "volatility": 0.05000000000000002,
      "value": 0.35,
      "size": 0.1,
      "technical": 0.05
    },
    "timeframe_20": {
      "momentum": 0.2,
      "quality": 0.25,
      "volatility": 0.05000000000000002,
      "value": 0.35,
      "size": 0.1,
      "technical": 0.05
    }
  },
  "high_volatility": {
    "timeframe_5": {
      "momentum": 0.1,
      "quality": 0.4,
      "volatility": 0.30000000000000004,
      "value": 0.15,
      "size": 0.1,
      "technical": -0.05
    },
    "timeframe_10": {
      "momentum": 0.1,
      "quality": 0.4,
      "volatility": 0.30000000000000004,
      "value": 0.15,
      "size": 0.1,
      "technical": -0.05
    },
    "timeframe_15": {
      "momentum": 0.19999999999999996,
      "quality": 0.3999999999999999,
      "volatility": 0.15000000000000002,
      "value": 0.19999999999999996,
      "size": 0.09999999999999998,
      "technical": -0.04999999999999999
    },
    "timeframe_20": {
      "momentum": 0.19999999999999996,
      "quality": 0.3999999999999999,
      "volatility": 0.15000000000000002,
      "value": 0.19999999999999996,
      "size": 0.09999999999999998,
      "technical": -0.04999999999999999
    }
  },
  "low_volatility": {
    "timeframe_5": {
      "momentum": 0.25,
      "quality": 0.25,
      "volatility": 0.2,
      "value": 0.15,
      "size": 0.1,
      "technical": 0.05
    },
    "timeframe_10": {
      "momentum": 0.25,
      "quality": 0.25,
      "volatility": 0.2,
      "value": 0.15,
      "size": 0.1,
      "technical": 0.05
    },
    "timeframe_15": {
      "momentum": 0.35,
      "quality": 0.25,
      "volatility": 0.05000000000000002,
      "value": 0.2,
      "size": 0.1,
      "technical": 0.05
    },
    "timeframe_20": {
      "momentum": 0.35,
      "quality": 0.25,
      "volatility": 0.05000000000000002,
      "value": 0.2,
      "size": 0.1,
      "technical": 0.05
    }
  }
}